;num_1;omschrijving_1;pdf_1;num_2;omschrijving_2;pdf_2
0;0;;stans.pdf;0;;stans.pdf
1;0;;stans.pdf;0;;stans.pdf
2;0;Rol 1 871445101 t/m 871446100;stans.pdf;0;Rol 2 871446101 t/m 871447100;stans.pdf
3;0;;stans.pdf;0;;stans.pdf
4;0;;stans.pdf;0;;stans.pdf
5;0;;stans.pdf;0;;stans.pdf
6;0;;stans.pdf;0;;stans.pdf
7;0;;stans.pdf;0;;stans.pdf
8;0;;stans.pdf;0;;stans.pdf
9;0;;stans.pdf;0;;stans.pdf
10;0;;stans.pdf;0;;stans.pdf
11;0;;stans.pdf;0;;stans.pdf
12;0;;stans.pdf;0;;stans.pdf
13;871445101;;leeg.pdf;871446101;;leeg.pdf
14;871445102;;leeg.pdf;871446102;;leeg.pdf
15;871445103;;leeg.pdf;871446103;;leeg.pdf
16;871445104;;leeg.pdf;871446104;;leeg.pdf
17;871445105;;leeg.pdf;871446105;;leeg.pdf
18;871445106;;leeg.pdf;871446106;;leeg.pdf
19;871445107;;leeg.pdf;871446107;;leeg.pdf
20;871445108;;leeg.pdf;871446108;;leeg.pdf
21;871445109;;leeg.pdf;871446109;;leeg.pdf
22;871445110;;leeg.pdf;871446110;;leeg.pdf
23;871445111;;leeg.pdf;871446111;;leeg.pdf
24;871445112;;leeg.pdf;871446112;;leeg.pdf
25;871445113;;leeg.pdf;871446113;;leeg.pdf
26;871445114;;leeg.pdf;871446114;;leeg.pdf
27;871445115;;leeg.pdf;871446115;;leeg.pdf
28;871445116;;leeg.pdf;871446116;;leeg.pdf
29;871445117;;leeg.pdf;871446117;;leeg.pdf
30;871445118;;leeg.pdf;871446118;;leeg.pdf
31;871445119;;leeg.pdf;871446119;;leeg.pdf
32;871445120;;leeg.pdf;871446120;;leeg.pdf
33;871445121;;leeg.pdf;871446121;;leeg.pdf
34;871445122;;leeg.pdf;871446122;;leeg.pdf
35;871445123;;leeg.pdf;871446123;;leeg.pdf
36;871445124;;leeg.pdf;871446124;;leeg.pdf
37;871445125;;leeg.pdf;871446125;;leeg.pdf
38;871445126;;leeg.pdf;871446126;;leeg.pdf
39;871445127;;leeg.pdf;871446127;;leeg.pdf
40;871445128;;leeg.pdf;871446128;;leeg.pdf
41;871445129;;leeg.pdf;871446129;;leeg.pdf
42;871445130;;leeg.pdf;871446130;;leeg.pdf
43;871445131;;leeg.pdf;871446131;;leeg.pdf
44;871445132;;leeg.pdf;871446132;;leeg.pdf
45;871445133;;leeg.pdf;871446133;;leeg.pdf
46;871445134;;leeg.pdf;871446134;;leeg.pdf
47;871445135;;leeg.pdf;871446135;;leeg.pdf
48;871445136;;leeg.pdf;871446136;;leeg.pdf
49;871445137;;leeg.pdf;871446137;;leeg.pdf
50;871445138;;leeg.pdf;871446138;;leeg.pdf
51;871445139;;leeg.pdf;871446139;;leeg.pdf
52;871445140;;leeg.pdf;871446140;;leeg.pdf
53;871445141;;leeg.pdf;871446141;;leeg.pdf
54;871445142;;leeg.pdf;871446142;;leeg.pdf
55;871445143;;leeg.pdf;871446143;;leeg.pdf
56;871445144;;leeg.pdf;871446144;;leeg.pdf
57;871445145;;leeg.pdf;871446145;;leeg.pdf
58;871445146;;leeg.pdf;871446146;;leeg.pdf
59;871445147;;leeg.pdf;871446147;;leeg.pdf
60;871445148;;leeg.pdf;871446148;;leeg.pdf
61;871445149;;leeg.pdf;871446149;;leeg.pdf
62;871445150;;leeg.pdf;871446150;;leeg.pdf
63;871445151;;leeg.pdf;871446151;;leeg.pdf
64;871445152;;leeg.pdf;871446152;;leeg.pdf
65;871445153;;leeg.pdf;871446153;;leeg.pdf
66;871445154;;leeg.pdf;871446154;;leeg.pdf
67;871445155;;leeg.pdf;871446155;;leeg.pdf
68;871445156;;leeg.pdf;871446156;;leeg.pdf
69;871445157;;leeg.pdf;871446157;;leeg.pdf
70;871445158;;leeg.pdf;871446158;;leeg.pdf
71;871445159;;leeg.pdf;871446159;;leeg.pdf
72;871445160;;leeg.pdf;871446160;;leeg.pdf
73;871445161;;leeg.pdf;871446161;;leeg.pdf
74;871445162;;leeg.pdf;871446162;;leeg.pdf
75;871445163;;leeg.pdf;871446163;;leeg.pdf
76;871445164;;leeg.pdf;871446164;;leeg.pdf
77;871445165;;leeg.pdf;871446165;;leeg.pdf
78;871445166;;leeg.pdf;871446166;;leeg.pdf
79;871445167;;leeg.pdf;871446167;;leeg.pdf
80;871445168;;leeg.pdf;871446168;;leeg.pdf
81;871445169;;leeg.pdf;871446169;;leeg.pdf
82;871445170;;leeg.pdf;871446170;;leeg.pdf
83;871445171;;leeg.pdf;871446171;;leeg.pdf
84;871445172;;leeg.pdf;871446172;;leeg.pdf
85;871445173;;leeg.pdf;871446173;;leeg.pdf
86;871445174;;leeg.pdf;871446174;;leeg.pdf
87;871445175;;leeg.pdf;871446175;;leeg.pdf
88;871445176;;leeg.pdf;871446176;;leeg.pdf
89;871445177;;leeg.pdf;871446177;;leeg.pdf
90;871445178;;leeg.pdf;871446178;;leeg.pdf
91;871445179;;leeg.pdf;871446179;;leeg.pdf
92;871445180;;leeg.pdf;871446180;;leeg.pdf
93;871445181;;leeg.pdf;871446181;;leeg.pdf
94;871445182;;leeg.pdf;871446182;;leeg.pdf
95;871445183;;leeg.pdf;871446183;;leeg.pdf
96;871445184;;leeg.pdf;871446184;;leeg.pdf
97;871445185;;leeg.pdf;871446185;;leeg.pdf
98;871445186;;leeg.pdf;871446186;;leeg.pdf
99;871445187;;leeg.pdf;871446187;;leeg.pdf
100;871445188;;leeg.pdf;871446188;;leeg.pdf
101;871445189;;leeg.pdf;871446189;;leeg.pdf
102;871445190;;leeg.pdf;871446190;;leeg.pdf
103;871445191;;leeg.pdf;871446191;;leeg.pdf
104;871445192;;leeg.pdf;871446192;;leeg.pdf
105;871445193;;leeg.pdf;871446193;;leeg.pdf
106;871445194;;leeg.pdf;871446194;;leeg.pdf
107;871445195;;leeg.pdf;871446195;;leeg.pdf
108;871445196;;leeg.pdf;871446196;;leeg.pdf
109;871445197;;leeg.pdf;871446197;;leeg.pdf
110;871445198;;leeg.pdf;871446198;;leeg.pdf
111;871445199;;leeg.pdf;871446199;;leeg.pdf
112;871445200;;leeg.pdf;871446200;;leeg.pdf
113;871445201;;leeg.pdf;871446201;;leeg.pdf
114;871445202;;leeg.pdf;871446202;;leeg.pdf
115;871445203;;leeg.pdf;871446203;;leeg.pdf
116;871445204;;leeg.pdf;871446204;;leeg.pdf
117;871445205;;leeg.pdf;871446205;;leeg.pdf
118;871445206;;leeg.pdf;871446206;;leeg.pdf
119;871445207;;leeg.pdf;871446207;;leeg.pdf
120;871445208;;leeg.pdf;871446208;;leeg.pdf
121;871445209;;leeg.pdf;871446209;;leeg.pdf
122;871445210;;leeg.pdf;871446210;;leeg.pdf
123;871445211;;leeg.pdf;871446211;;leeg.pdf
124;871445212;;leeg.pdf;871446212;;leeg.pdf
125;871445213;;leeg.pdf;871446213;;leeg.pdf
126;871445214;;leeg.pdf;871446214;;leeg.pdf
127;871445215;;leeg.pdf;871446215;;leeg.pdf
128;871445216;;leeg.pdf;871446216;;leeg.pdf
129;871445217;;leeg.pdf;871446217;;leeg.pdf
130;871445218;;leeg.pdf;871446218;;leeg.pdf
131;871445219;;leeg.pdf;871446219;;leeg.pdf
132;871445220;;leeg.pdf;871446220;;leeg.pdf
133;871445221;;leeg.pdf;871446221;;leeg.pdf
134;871445222;;leeg.pdf;871446222;;leeg.pdf
135;871445223;;leeg.pdf;871446223;;leeg.pdf
136;871445224;;leeg.pdf;871446224;;leeg.pdf
137;871445225;;leeg.pdf;871446225;;leeg.pdf
138;871445226;;leeg.pdf;871446226;;leeg.pdf
139;871445227;;leeg.pdf;871446227;;leeg.pdf
140;871445228;;leeg.pdf;871446228;;leeg.pdf
141;871445229;;leeg.pdf;871446229;;leeg.pdf
142;871445230;;leeg.pdf;871446230;;leeg.pdf
143;871445231;;leeg.pdf;871446231;;leeg.pdf
144;871445232;;leeg.pdf;871446232;;leeg.pdf
145;871445233;;leeg.pdf;871446233;;leeg.pdf
146;871445234;;leeg.pdf;871446234;;leeg.pdf
147;871445235;;leeg.pdf;871446235;;leeg.pdf
148;871445236;;leeg.pdf;871446236;;leeg.pdf
149;871445237;;leeg.pdf;871446237;;leeg.pdf
150;871445238;;leeg.pdf;871446238;;leeg.pdf
151;871445239;;leeg.pdf;871446239;;leeg.pdf
152;871445240;;leeg.pdf;871446240;;leeg.pdf
153;871445241;;leeg.pdf;871446241;;leeg.pdf
154;871445242;;leeg.pdf;871446242;;leeg.pdf
155;871445243;;leeg.pdf;871446243;;leeg.pdf
156;871445244;;leeg.pdf;871446244;;leeg.pdf
157;871445245;;leeg.pdf;871446245;;leeg.pdf
158;871445246;;leeg.pdf;871446246;;leeg.pdf
159;871445247;;leeg.pdf;871446247;;leeg.pdf
160;871445248;;leeg.pdf;871446248;;leeg.pdf
161;871445249;;leeg.pdf;871446249;;leeg.pdf
162;871445250;;leeg.pdf;871446250;;leeg.pdf
163;871445251;;leeg.pdf;871446251;;leeg.pdf
164;871445252;;leeg.pdf;871446252;;leeg.pdf
165;871445253;;leeg.pdf;871446253;;leeg.pdf
166;871445254;;leeg.pdf;871446254;;leeg.pdf
167;871445255;;leeg.pdf;871446255;;leeg.pdf
168;871445256;;leeg.pdf;871446256;;leeg.pdf
169;871445257;;leeg.pdf;871446257;;leeg.pdf
170;871445258;;leeg.pdf;871446258;;leeg.pdf
171;871445259;;leeg.pdf;871446259;;leeg.pdf
172;871445260;;leeg.pdf;871446260;;leeg.pdf
173;871445261;;leeg.pdf;871446261;;leeg.pdf
174;871445262;;leeg.pdf;871446262;;leeg.pdf
175;871445263;;leeg.pdf;871446263;;leeg.pdf
176;871445264;;leeg.pdf;871446264;;leeg.pdf
177;871445265;;leeg.pdf;871446265;;leeg.pdf
178;871445266;;leeg.pdf;871446266;;leeg.pdf
179;871445267;;leeg.pdf;871446267;;leeg.pdf
180;871445268;;leeg.pdf;871446268;;leeg.pdf
181;871445269;;leeg.pdf;871446269;;leeg.pdf
182;871445270;;leeg.pdf;871446270;;leeg.pdf
183;871445271;;leeg.pdf;871446271;;leeg.pdf
184;871445272;;leeg.pdf;871446272;;leeg.pdf
185;871445273;;leeg.pdf;871446273;;leeg.pdf
186;871445274;;leeg.pdf;871446274;;leeg.pdf
187;871445275;;leeg.pdf;871446275;;leeg.pdf
188;871445276;;leeg.pdf;871446276;;leeg.pdf
189;871445277;;leeg.pdf;871446277;;leeg.pdf
190;871445278;;leeg.pdf;871446278;;leeg.pdf
191;871445279;;leeg.pdf;871446279;;leeg.pdf
192;871445280;;leeg.pdf;871446280;;leeg.pdf
193;871445281;;leeg.pdf;871446281;;leeg.pdf
194;871445282;;leeg.pdf;871446282;;leeg.pdf
195;871445283;;leeg.pdf;871446283;;leeg.pdf
196;871445284;;leeg.pdf;871446284;;leeg.pdf
197;871445285;;leeg.pdf;871446285;;leeg.pdf
198;871445286;;leeg.pdf;871446286;;leeg.pdf
199;871445287;;leeg.pdf;871446287;;leeg.pdf
200;871445288;;leeg.pdf;871446288;;leeg.pdf
201;871445289;;leeg.pdf;871446289;;leeg.pdf
202;871445290;;leeg.pdf;871446290;;leeg.pdf
203;871445291;;leeg.pdf;871446291;;leeg.pdf
204;871445292;;leeg.pdf;871446292;;leeg.pdf
205;871445293;;leeg.pdf;871446293;;leeg.pdf
206;871445294;;leeg.pdf;871446294;;leeg.pdf
207;871445295;;leeg.pdf;871446295;;leeg.pdf
208;871445296;;leeg.pdf;871446296;;leeg.pdf
209;871445297;;leeg.pdf;871446297;;leeg.pdf
210;871445298;;leeg.pdf;871446298;;leeg.pdf
211;871445299;;leeg.pdf;871446299;;leeg.pdf
212;871445300;;leeg.pdf;871446300;;leeg.pdf
213;871445301;;leeg.pdf;871446301;;leeg.pdf
214;871445302;;leeg.pdf;871446302;;leeg.pdf
215;871445303;;leeg.pdf;871446303;;leeg.pdf
216;871445304;;leeg.pdf;871446304;;leeg.pdf
217;871445305;;leeg.pdf;871446305;;leeg.pdf
218;871445306;;leeg.pdf;871446306;;leeg.pdf
219;871445307;;leeg.pdf;871446307;;leeg.pdf
220;871445308;;leeg.pdf;871446308;;leeg.pdf
221;871445309;;leeg.pdf;871446309;;leeg.pdf
222;871445310;;leeg.pdf;871446310;;leeg.pdf
223;871445311;;leeg.pdf;871446311;;leeg.pdf
224;871445312;;leeg.pdf;871446312;;leeg.pdf
225;871445313;;leeg.pdf;871446313;;leeg.pdf
226;871445314;;leeg.pdf;871446314;;leeg.pdf
227;871445315;;leeg.pdf;871446315;;leeg.pdf
228;871445316;;leeg.pdf;871446316;;leeg.pdf
229;871445317;;leeg.pdf;871446317;;leeg.pdf
230;871445318;;leeg.pdf;871446318;;leeg.pdf
231;871445319;;leeg.pdf;871446319;;leeg.pdf
232;871445320;;leeg.pdf;871446320;;leeg.pdf
233;871445321;;leeg.pdf;871446321;;leeg.pdf
234;871445322;;leeg.pdf;871446322;;leeg.pdf
235;871445323;;leeg.pdf;871446323;;leeg.pdf
236;871445324;;leeg.pdf;871446324;;leeg.pdf
237;871445325;;leeg.pdf;871446325;;leeg.pdf
238;871445326;;leeg.pdf;871446326;;leeg.pdf
239;871445327;;leeg.pdf;871446327;;leeg.pdf
240;871445328;;leeg.pdf;871446328;;leeg.pdf
241;871445329;;leeg.pdf;871446329;;leeg.pdf
242;871445330;;leeg.pdf;871446330;;leeg.pdf
243;871445331;;leeg.pdf;871446331;;leeg.pdf
244;871445332;;leeg.pdf;871446332;;leeg.pdf
245;871445333;;leeg.pdf;871446333;;leeg.pdf
246;871445334;;leeg.pdf;871446334;;leeg.pdf
247;871445335;;leeg.pdf;871446335;;leeg.pdf
248;871445336;;leeg.pdf;871446336;;leeg.pdf
249;871445337;;leeg.pdf;871446337;;leeg.pdf
250;871445338;;leeg.pdf;871446338;;leeg.pdf
251;871445339;;leeg.pdf;871446339;;leeg.pdf
252;871445340;;leeg.pdf;871446340;;leeg.pdf
253;871445341;;leeg.pdf;871446341;;leeg.pdf
254;871445342;;leeg.pdf;871446342;;leeg.pdf
255;871445343;;leeg.pdf;871446343;;leeg.pdf
256;871445344;;leeg.pdf;871446344;;leeg.pdf
257;871445345;;leeg.pdf;871446345;;leeg.pdf
258;871445346;;leeg.pdf;871446346;;leeg.pdf
259;871445347;;leeg.pdf;871446347;;leeg.pdf
260;871445348;;leeg.pdf;871446348;;leeg.pdf
261;871445349;;leeg.pdf;871446349;;leeg.pdf
262;871445350;;leeg.pdf;871446350;;leeg.pdf
263;871445351;;leeg.pdf;871446351;;leeg.pdf
264;871445352;;leeg.pdf;871446352;;leeg.pdf
265;871445353;;leeg.pdf;871446353;;leeg.pdf
266;871445354;;leeg.pdf;871446354;;leeg.pdf
267;871445355;;leeg.pdf;871446355;;leeg.pdf
268;871445356;;leeg.pdf;871446356;;leeg.pdf
269;871445357;;leeg.pdf;871446357;;leeg.pdf
270;871445358;;leeg.pdf;871446358;;leeg.pdf
271;871445359;;leeg.pdf;871446359;;leeg.pdf
272;871445360;;leeg.pdf;871446360;;leeg.pdf
273;871445361;;leeg.pdf;871446361;;leeg.pdf
274;871445362;;leeg.pdf;871446362;;leeg.pdf
275;871445363;;leeg.pdf;871446363;;leeg.pdf
276;871445364;;leeg.pdf;871446364;;leeg.pdf
277;871445365;;leeg.pdf;871446365;;leeg.pdf
278;871445366;;leeg.pdf;871446366;;leeg.pdf
279;871445367;;leeg.pdf;871446367;;leeg.pdf
280;871445368;;leeg.pdf;871446368;;leeg.pdf
281;871445369;;leeg.pdf;871446369;;leeg.pdf
282;871445370;;leeg.pdf;871446370;;leeg.pdf
283;871445371;;leeg.pdf;871446371;;leeg.pdf
284;871445372;;leeg.pdf;871446372;;leeg.pdf
285;871445373;;leeg.pdf;871446373;;leeg.pdf
286;871445374;;leeg.pdf;871446374;;leeg.pdf
287;871445375;;leeg.pdf;871446375;;leeg.pdf
288;871445376;;leeg.pdf;871446376;;leeg.pdf
289;871445377;;leeg.pdf;871446377;;leeg.pdf
290;871445378;;leeg.pdf;871446378;;leeg.pdf
291;871445379;;leeg.pdf;871446379;;leeg.pdf
292;871445380;;leeg.pdf;871446380;;leeg.pdf
293;871445381;;leeg.pdf;871446381;;leeg.pdf
294;871445382;;leeg.pdf;871446382;;leeg.pdf
295;871445383;;leeg.pdf;871446383;;leeg.pdf
296;871445384;;leeg.pdf;871446384;;leeg.pdf
297;871445385;;leeg.pdf;871446385;;leeg.pdf
298;871445386;;leeg.pdf;871446386;;leeg.pdf
299;871445387;;leeg.pdf;871446387;;leeg.pdf
300;871445388;;leeg.pdf;871446388;;leeg.pdf
301;871445389;;leeg.pdf;871446389;;leeg.pdf
302;871445390;;leeg.pdf;871446390;;leeg.pdf
303;871445391;;leeg.pdf;871446391;;leeg.pdf
304;871445392;;leeg.pdf;871446392;;leeg.pdf
305;871445393;;leeg.pdf;871446393;;leeg.pdf
306;871445394;;leeg.pdf;871446394;;leeg.pdf
307;871445395;;leeg.pdf;871446395;;leeg.pdf
308;871445396;;leeg.pdf;871446396;;leeg.pdf
309;871445397;;leeg.pdf;871446397;;leeg.pdf
310;871445398;;leeg.pdf;871446398;;leeg.pdf
311;871445399;;leeg.pdf;871446399;;leeg.pdf
312;871445400;;leeg.pdf;871446400;;leeg.pdf
313;871445401;;leeg.pdf;871446401;;leeg.pdf
314;871445402;;leeg.pdf;871446402;;leeg.pdf
315;871445403;;leeg.pdf;871446403;;leeg.pdf
316;871445404;;leeg.pdf;871446404;;leeg.pdf
317;871445405;;leeg.pdf;871446405;;leeg.pdf
318;871445406;;leeg.pdf;871446406;;leeg.pdf
319;871445407;;leeg.pdf;871446407;;leeg.pdf
320;871445408;;leeg.pdf;871446408;;leeg.pdf
321;871445409;;leeg.pdf;871446409;;leeg.pdf
322;871445410;;leeg.pdf;871446410;;leeg.pdf
323;871445411;;leeg.pdf;871446411;;leeg.pdf
324;871445412;;leeg.pdf;871446412;;leeg.pdf
325;871445413;;leeg.pdf;871446413;;leeg.pdf
326;871445414;;leeg.pdf;871446414;;leeg.pdf
327;871445415;;leeg.pdf;871446415;;leeg.pdf
328;871445416;;leeg.pdf;871446416;;leeg.pdf
329;871445417;;leeg.pdf;871446417;;leeg.pdf
330;871445418;;leeg.pdf;871446418;;leeg.pdf
331;871445419;;leeg.pdf;871446419;;leeg.pdf
332;871445420;;leeg.pdf;871446420;;leeg.pdf
333;871445421;;leeg.pdf;871446421;;leeg.pdf
334;871445422;;leeg.pdf;871446422;;leeg.pdf
335;871445423;;leeg.pdf;871446423;;leeg.pdf
336;871445424;;leeg.pdf;871446424;;leeg.pdf
337;871445425;;leeg.pdf;871446425;;leeg.pdf
338;871445426;;leeg.pdf;871446426;;leeg.pdf
339;871445427;;leeg.pdf;871446427;;leeg.pdf
340;871445428;;leeg.pdf;871446428;;leeg.pdf
341;871445429;;leeg.pdf;871446429;;leeg.pdf
342;871445430;;leeg.pdf;871446430;;leeg.pdf
343;871445431;;leeg.pdf;871446431;;leeg.pdf
344;871445432;;leeg.pdf;871446432;;leeg.pdf
345;871445433;;leeg.pdf;871446433;;leeg.pdf
346;871445434;;leeg.pdf;871446434;;leeg.pdf
347;871445435;;leeg.pdf;871446435;;leeg.pdf
348;871445436;;leeg.pdf;871446436;;leeg.pdf
349;871445437;;leeg.pdf;871446437;;leeg.pdf
350;871445438;;leeg.pdf;871446438;;leeg.pdf
351;871445439;;leeg.pdf;871446439;;leeg.pdf
352;871445440;;leeg.pdf;871446440;;leeg.pdf
353;871445441;;leeg.pdf;871446441;;leeg.pdf
354;871445442;;leeg.pdf;871446442;;leeg.pdf
355;871445443;;leeg.pdf;871446443;;leeg.pdf
356;871445444;;leeg.pdf;871446444;;leeg.pdf
357;871445445;;leeg.pdf;871446445;;leeg.pdf
358;871445446;;leeg.pdf;871446446;;leeg.pdf
359;871445447;;leeg.pdf;871446447;;leeg.pdf
360;871445448;;leeg.pdf;871446448;;leeg.pdf
361;871445449;;leeg.pdf;871446449;;leeg.pdf
362;871445450;;leeg.pdf;871446450;;leeg.pdf
363;871445451;;leeg.pdf;871446451;;leeg.pdf
364;871445452;;leeg.pdf;871446452;;leeg.pdf
365;871445453;;leeg.pdf;871446453;;leeg.pdf
366;871445454;;leeg.pdf;871446454;;leeg.pdf
367;871445455;;leeg.pdf;871446455;;leeg.pdf
368;871445456;;leeg.pdf;871446456;;leeg.pdf
369;871445457;;leeg.pdf;871446457;;leeg.pdf
370;871445458;;leeg.pdf;871446458;;leeg.pdf
371;871445459;;leeg.pdf;871446459;;leeg.pdf
372;871445460;;leeg.pdf;871446460;;leeg.pdf
373;871445461;;leeg.pdf;871446461;;leeg.pdf
374;871445462;;leeg.pdf;871446462;;leeg.pdf
375;871445463;;leeg.pdf;871446463;;leeg.pdf
376;871445464;;leeg.pdf;871446464;;leeg.pdf
377;871445465;;leeg.pdf;871446465;;leeg.pdf
378;871445466;;leeg.pdf;871446466;;leeg.pdf
379;871445467;;leeg.pdf;871446467;;leeg.pdf
380;871445468;;leeg.pdf;871446468;;leeg.pdf
381;871445469;;leeg.pdf;871446469;;leeg.pdf
382;871445470;;leeg.pdf;871446470;;leeg.pdf
383;871445471;;leeg.pdf;871446471;;leeg.pdf
384;871445472;;leeg.pdf;871446472;;leeg.pdf
385;871445473;;leeg.pdf;871446473;;leeg.pdf
386;871445474;;leeg.pdf;871446474;;leeg.pdf
387;871445475;;leeg.pdf;871446475;;leeg.pdf
388;871445476;;leeg.pdf;871446476;;leeg.pdf
389;871445477;;leeg.pdf;871446477;;leeg.pdf
390;871445478;;leeg.pdf;871446478;;leeg.pdf
391;871445479;;leeg.pdf;871446479;;leeg.pdf
392;871445480;;leeg.pdf;871446480;;leeg.pdf
393;871445481;;leeg.pdf;871446481;;leeg.pdf
394;871445482;;leeg.pdf;871446482;;leeg.pdf
395;871445483;;leeg.pdf;871446483;;leeg.pdf
396;871445484;;leeg.pdf;871446484;;leeg.pdf
397;871445485;;leeg.pdf;871446485;;leeg.pdf
398;871445486;;leeg.pdf;871446486;;leeg.pdf
399;871445487;;leeg.pdf;871446487;;leeg.pdf
400;871445488;;leeg.pdf;871446488;;leeg.pdf
401;871445489;;leeg.pdf;871446489;;leeg.pdf
402;871445490;;leeg.pdf;871446490;;leeg.pdf
403;871445491;;leeg.pdf;871446491;;leeg.pdf
404;871445492;;leeg.pdf;871446492;;leeg.pdf
405;871445493;;leeg.pdf;871446493;;leeg.pdf
406;871445494;;leeg.pdf;871446494;;leeg.pdf
407;871445495;;leeg.pdf;871446495;;leeg.pdf
408;871445496;;leeg.pdf;871446496;;leeg.pdf
409;871445497;;leeg.pdf;871446497;;leeg.pdf
410;871445498;;leeg.pdf;871446498;;leeg.pdf
411;871445499;;leeg.pdf;871446499;;leeg.pdf
412;871445500;;leeg.pdf;871446500;;leeg.pdf
413;871445501;;leeg.pdf;871446501;;leeg.pdf
414;871445502;;leeg.pdf;871446502;;leeg.pdf
415;871445503;;leeg.pdf;871446503;;leeg.pdf
416;871445504;;leeg.pdf;871446504;;leeg.pdf
417;871445505;;leeg.pdf;871446505;;leeg.pdf
418;871445506;;leeg.pdf;871446506;;leeg.pdf
419;871445507;;leeg.pdf;871446507;;leeg.pdf
420;871445508;;leeg.pdf;871446508;;leeg.pdf
421;871445509;;leeg.pdf;871446509;;leeg.pdf
422;871445510;;leeg.pdf;871446510;;leeg.pdf
423;871445511;;leeg.pdf;871446511;;leeg.pdf
424;871445512;;leeg.pdf;871446512;;leeg.pdf
425;871445513;;leeg.pdf;871446513;;leeg.pdf
426;871445514;;leeg.pdf;871446514;;leeg.pdf
427;871445515;;leeg.pdf;871446515;;leeg.pdf
428;871445516;;leeg.pdf;871446516;;leeg.pdf
429;871445517;;leeg.pdf;871446517;;leeg.pdf
430;871445518;;leeg.pdf;871446518;;leeg.pdf
431;871445519;;leeg.pdf;871446519;;leeg.pdf
432;871445520;;leeg.pdf;871446520;;leeg.pdf
433;871445521;;leeg.pdf;871446521;;leeg.pdf
434;871445522;;leeg.pdf;871446522;;leeg.pdf
435;871445523;;leeg.pdf;871446523;;leeg.pdf
436;871445524;;leeg.pdf;871446524;;leeg.pdf
437;871445525;;leeg.pdf;871446525;;leeg.pdf
438;871445526;;leeg.pdf;871446526;;leeg.pdf
439;871445527;;leeg.pdf;871446527;;leeg.pdf
440;871445528;;leeg.pdf;871446528;;leeg.pdf
441;871445529;;leeg.pdf;871446529;;leeg.pdf
442;871445530;;leeg.pdf;871446530;;leeg.pdf
443;871445531;;leeg.pdf;871446531;;leeg.pdf
444;871445532;;leeg.pdf;871446532;;leeg.pdf
445;871445533;;leeg.pdf;871446533;;leeg.pdf
446;871445534;;leeg.pdf;871446534;;leeg.pdf
447;871445535;;leeg.pdf;871446535;;leeg.pdf
448;871445536;;leeg.pdf;871446536;;leeg.pdf
449;871445537;;leeg.pdf;871446537;;leeg.pdf
450;871445538;;leeg.pdf;871446538;;leeg.pdf
451;871445539;;leeg.pdf;871446539;;leeg.pdf
452;871445540;;leeg.pdf;871446540;;leeg.pdf
453;871445541;;leeg.pdf;871446541;;leeg.pdf
454;871445542;;leeg.pdf;871446542;;leeg.pdf
455;871445543;;leeg.pdf;871446543;;leeg.pdf
456;871445544;;leeg.pdf;871446544;;leeg.pdf
457;871445545;;leeg.pdf;871446545;;leeg.pdf
458;871445546;;leeg.pdf;871446546;;leeg.pdf
459;871445547;;leeg.pdf;871446547;;leeg.pdf
460;871445548;;leeg.pdf;871446548;;leeg.pdf
461;871445549;;leeg.pdf;871446549;;leeg.pdf
462;871445550;;leeg.pdf;871446550;;leeg.pdf
463;871445551;;leeg.pdf;871446551;;leeg.pdf
464;871445552;;leeg.pdf;871446552;;leeg.pdf
465;871445553;;leeg.pdf;871446553;;leeg.pdf
466;871445554;;leeg.pdf;871446554;;leeg.pdf
467;871445555;;leeg.pdf;871446555;;leeg.pdf
468;871445556;;leeg.pdf;871446556;;leeg.pdf
469;871445557;;leeg.pdf;871446557;;leeg.pdf
470;871445558;;leeg.pdf;871446558;;leeg.pdf
471;871445559;;leeg.pdf;871446559;;leeg.pdf
472;871445560;;leeg.pdf;871446560;;leeg.pdf
473;871445561;;leeg.pdf;871446561;;leeg.pdf
474;871445562;;leeg.pdf;871446562;;leeg.pdf
475;871445563;;leeg.pdf;871446563;;leeg.pdf
476;871445564;;leeg.pdf;871446564;;leeg.pdf
477;871445565;;leeg.pdf;871446565;;leeg.pdf
478;871445566;;leeg.pdf;871446566;;leeg.pdf
479;871445567;;leeg.pdf;871446567;;leeg.pdf
480;871445568;;leeg.pdf;871446568;;leeg.pdf
481;871445569;;leeg.pdf;871446569;;leeg.pdf
482;871445570;;leeg.pdf;871446570;;leeg.pdf
483;871445571;;leeg.pdf;871446571;;leeg.pdf
484;871445572;;leeg.pdf;871446572;;leeg.pdf
485;871445573;;leeg.pdf;871446573;;leeg.pdf
486;871445574;;leeg.pdf;871446574;;leeg.pdf
487;871445575;;leeg.pdf;871446575;;leeg.pdf
488;871445576;;leeg.pdf;871446576;;leeg.pdf
489;871445577;;leeg.pdf;871446577;;leeg.pdf
490;871445578;;leeg.pdf;871446578;;leeg.pdf
491;871445579;;leeg.pdf;871446579;;leeg.pdf
492;871445580;;leeg.pdf;871446580;;leeg.pdf
493;871445581;;leeg.pdf;871446581;;leeg.pdf
494;871445582;;leeg.pdf;871446582;;leeg.pdf
495;871445583;;leeg.pdf;871446583;;leeg.pdf
496;871445584;;leeg.pdf;871446584;;leeg.pdf
497;871445585;;leeg.pdf;871446585;;leeg.pdf
498;871445586;;leeg.pdf;871446586;;leeg.pdf
499;871445587;;leeg.pdf;871446587;;leeg.pdf
500;871445588;;leeg.pdf;871446588;;leeg.pdf
501;871445589;;leeg.pdf;871446589;;leeg.pdf
502;871445590;;leeg.pdf;871446590;;leeg.pdf
503;871445591;;leeg.pdf;871446591;;leeg.pdf
504;871445592;;leeg.pdf;871446592;;leeg.pdf
505;871445593;;leeg.pdf;871446593;;leeg.pdf
506;871445594;;leeg.pdf;871446594;;leeg.pdf
507;871445595;;leeg.pdf;871446595;;leeg.pdf
508;871445596;;leeg.pdf;871446596;;leeg.pdf
509;871445597;;leeg.pdf;871446597;;leeg.pdf
510;871445598;;leeg.pdf;871446598;;leeg.pdf
511;871445599;;leeg.pdf;871446599;;leeg.pdf
512;871445600;;leeg.pdf;871446600;;leeg.pdf
513;871445601;;leeg.pdf;871446601;;leeg.pdf
514;871445602;;leeg.pdf;871446602;;leeg.pdf
515;871445603;;leeg.pdf;871446603;;leeg.pdf
516;871445604;;leeg.pdf;871446604;;leeg.pdf
517;871445605;;leeg.pdf;871446605;;leeg.pdf
518;871445606;;leeg.pdf;871446606;;leeg.pdf
519;871445607;;leeg.pdf;871446607;;leeg.pdf
520;871445608;;leeg.pdf;871446608;;leeg.pdf
521;871445609;;leeg.pdf;871446609;;leeg.pdf
522;871445610;;leeg.pdf;871446610;;leeg.pdf
523;871445611;;leeg.pdf;871446611;;leeg.pdf
524;871445612;;leeg.pdf;871446612;;leeg.pdf
525;871445613;;leeg.pdf;871446613;;leeg.pdf
526;871445614;;leeg.pdf;871446614;;leeg.pdf
527;871445615;;leeg.pdf;871446615;;leeg.pdf
528;871445616;;leeg.pdf;871446616;;leeg.pdf
529;871445617;;leeg.pdf;871446617;;leeg.pdf
530;871445618;;leeg.pdf;871446618;;leeg.pdf
531;871445619;;leeg.pdf;871446619;;leeg.pdf
532;871445620;;leeg.pdf;871446620;;leeg.pdf
533;871445621;;leeg.pdf;871446621;;leeg.pdf
534;871445622;;leeg.pdf;871446622;;leeg.pdf
535;871445623;;leeg.pdf;871446623;;leeg.pdf
536;871445624;;leeg.pdf;871446624;;leeg.pdf
537;871445625;;leeg.pdf;871446625;;leeg.pdf
538;871445626;;leeg.pdf;871446626;;leeg.pdf
539;871445627;;leeg.pdf;871446627;;leeg.pdf
540;871445628;;leeg.pdf;871446628;;leeg.pdf
541;871445629;;leeg.pdf;871446629;;leeg.pdf
542;871445630;;leeg.pdf;871446630;;leeg.pdf
543;871445631;;leeg.pdf;871446631;;leeg.pdf
544;871445632;;leeg.pdf;871446632;;leeg.pdf
545;871445633;;leeg.pdf;871446633;;leeg.pdf
546;871445634;;leeg.pdf;871446634;;leeg.pdf
547;871445635;;leeg.pdf;871446635;;leeg.pdf
548;871445636;;leeg.pdf;871446636;;leeg.pdf
549;871445637;;leeg.pdf;871446637;;leeg.pdf
550;871445638;;leeg.pdf;871446638;;leeg.pdf
551;871445639;;leeg.pdf;871446639;;leeg.pdf
552;871445640;;leeg.pdf;871446640;;leeg.pdf
553;871445641;;leeg.pdf;871446641;;leeg.pdf
554;871445642;;leeg.pdf;871446642;;leeg.pdf
555;871445643;;leeg.pdf;871446643;;leeg.pdf
556;871445644;;leeg.pdf;871446644;;leeg.pdf
557;871445645;;leeg.pdf;871446645;;leeg.pdf
558;871445646;;leeg.pdf;871446646;;leeg.pdf
559;871445647;;leeg.pdf;871446647;;leeg.pdf
560;871445648;;leeg.pdf;871446648;;leeg.pdf
561;871445649;;leeg.pdf;871446649;;leeg.pdf
562;871445650;;leeg.pdf;871446650;;leeg.pdf
563;871445651;;leeg.pdf;871446651;;leeg.pdf
564;871445652;;leeg.pdf;871446652;;leeg.pdf
565;871445653;;leeg.pdf;871446653;;leeg.pdf
566;871445654;;leeg.pdf;871446654;;leeg.pdf
567;871445655;;leeg.pdf;871446655;;leeg.pdf
568;871445656;;leeg.pdf;871446656;;leeg.pdf
569;871445657;;leeg.pdf;871446657;;leeg.pdf
570;871445658;;leeg.pdf;871446658;;leeg.pdf
571;871445659;;leeg.pdf;871446659;;leeg.pdf
572;871445660;;leeg.pdf;871446660;;leeg.pdf
573;871445661;;leeg.pdf;871446661;;leeg.pdf
574;871445662;;leeg.pdf;871446662;;leeg.pdf
575;871445663;;leeg.pdf;871446663;;leeg.pdf
576;871445664;;leeg.pdf;871446664;;leeg.pdf
577;871445665;;leeg.pdf;871446665;;leeg.pdf
578;871445666;;leeg.pdf;871446666;;leeg.pdf
579;871445667;;leeg.pdf;871446667;;leeg.pdf
580;871445668;;leeg.pdf;871446668;;leeg.pdf
581;871445669;;leeg.pdf;871446669;;leeg.pdf
582;871445670;;leeg.pdf;871446670;;leeg.pdf
583;871445671;;leeg.pdf;871446671;;leeg.pdf
584;871445672;;leeg.pdf;871446672;;leeg.pdf
585;871445673;;leeg.pdf;871446673;;leeg.pdf
586;871445674;;leeg.pdf;871446674;;leeg.pdf
587;871445675;;leeg.pdf;871446675;;leeg.pdf
588;871445676;;leeg.pdf;871446676;;leeg.pdf
589;871445677;;leeg.pdf;871446677;;leeg.pdf
590;871445678;;leeg.pdf;871446678;;leeg.pdf
591;871445679;;leeg.pdf;871446679;;leeg.pdf
592;871445680;;leeg.pdf;871446680;;leeg.pdf
593;871445681;;leeg.pdf;871446681;;leeg.pdf
594;871445682;;leeg.pdf;871446682;;leeg.pdf
595;871445683;;leeg.pdf;871446683;;leeg.pdf
596;871445684;;leeg.pdf;871446684;;leeg.pdf
597;871445685;;leeg.pdf;871446685;;leeg.pdf
598;871445686;;leeg.pdf;871446686;;leeg.pdf
599;871445687;;leeg.pdf;871446687;;leeg.pdf
600;871445688;;leeg.pdf;871446688;;leeg.pdf
601;871445689;;leeg.pdf;871446689;;leeg.pdf
602;871445690;;leeg.pdf;871446690;;leeg.pdf
603;871445691;;leeg.pdf;871446691;;leeg.pdf
604;871445692;;leeg.pdf;871446692;;leeg.pdf
605;871445693;;leeg.pdf;871446693;;leeg.pdf
606;871445694;;leeg.pdf;871446694;;leeg.pdf
607;871445695;;leeg.pdf;871446695;;leeg.pdf
608;871445696;;leeg.pdf;871446696;;leeg.pdf
609;871445697;;leeg.pdf;871446697;;leeg.pdf
610;871445698;;leeg.pdf;871446698;;leeg.pdf
611;871445699;;leeg.pdf;871446699;;leeg.pdf
612;871445700;;leeg.pdf;871446700;;leeg.pdf
613;871445701;;leeg.pdf;871446701;;leeg.pdf
614;871445702;;leeg.pdf;871446702;;leeg.pdf
615;871445703;;leeg.pdf;871446703;;leeg.pdf
616;871445704;;leeg.pdf;871446704;;leeg.pdf
617;871445705;;leeg.pdf;871446705;;leeg.pdf
618;871445706;;leeg.pdf;871446706;;leeg.pdf
619;871445707;;leeg.pdf;871446707;;leeg.pdf
620;871445708;;leeg.pdf;871446708;;leeg.pdf
621;871445709;;leeg.pdf;871446709;;leeg.pdf
622;871445710;;leeg.pdf;871446710;;leeg.pdf
623;871445711;;leeg.pdf;871446711;;leeg.pdf
624;871445712;;leeg.pdf;871446712;;leeg.pdf
625;871445713;;leeg.pdf;871446713;;leeg.pdf
626;871445714;;leeg.pdf;871446714;;leeg.pdf
627;871445715;;leeg.pdf;871446715;;leeg.pdf
628;871445716;;leeg.pdf;871446716;;leeg.pdf
629;871445717;;leeg.pdf;871446717;;leeg.pdf
630;871445718;;leeg.pdf;871446718;;leeg.pdf
631;871445719;;leeg.pdf;871446719;;leeg.pdf
632;871445720;;leeg.pdf;871446720;;leeg.pdf
633;871445721;;leeg.pdf;871446721;;leeg.pdf
634;871445722;;leeg.pdf;871446722;;leeg.pdf
635;871445723;;leeg.pdf;871446723;;leeg.pdf
636;871445724;;leeg.pdf;871446724;;leeg.pdf
637;871445725;;leeg.pdf;871446725;;leeg.pdf
638;871445726;;leeg.pdf;871446726;;leeg.pdf
639;871445727;;leeg.pdf;871446727;;leeg.pdf
640;871445728;;leeg.pdf;871446728;;leeg.pdf
641;871445729;;leeg.pdf;871446729;;leeg.pdf
642;871445730;;leeg.pdf;871446730;;leeg.pdf
643;871445731;;leeg.pdf;871446731;;leeg.pdf
644;871445732;;leeg.pdf;871446732;;leeg.pdf
645;871445733;;leeg.pdf;871446733;;leeg.pdf
646;871445734;;leeg.pdf;871446734;;leeg.pdf
647;871445735;;leeg.pdf;871446735;;leeg.pdf
648;871445736;;leeg.pdf;871446736;;leeg.pdf
649;871445737;;leeg.pdf;871446737;;leeg.pdf
650;871445738;;leeg.pdf;871446738;;leeg.pdf
651;871445739;;leeg.pdf;871446739;;leeg.pdf
652;871445740;;leeg.pdf;871446740;;leeg.pdf
653;871445741;;leeg.pdf;871446741;;leeg.pdf
654;871445742;;leeg.pdf;871446742;;leeg.pdf
655;871445743;;leeg.pdf;871446743;;leeg.pdf
656;871445744;;leeg.pdf;871446744;;leeg.pdf
657;871445745;;leeg.pdf;871446745;;leeg.pdf
658;871445746;;leeg.pdf;871446746;;leeg.pdf
659;871445747;;leeg.pdf;871446747;;leeg.pdf
660;871445748;;leeg.pdf;871446748;;leeg.pdf
661;871445749;;leeg.pdf;871446749;;leeg.pdf
662;871445750;;leeg.pdf;871446750;;leeg.pdf
663;871445751;;leeg.pdf;871446751;;leeg.pdf
664;871445752;;leeg.pdf;871446752;;leeg.pdf
665;871445753;;leeg.pdf;871446753;;leeg.pdf
666;871445754;;leeg.pdf;871446754;;leeg.pdf
667;871445755;;leeg.pdf;871446755;;leeg.pdf
668;871445756;;leeg.pdf;871446756;;leeg.pdf
669;871445757;;leeg.pdf;871446757;;leeg.pdf
670;871445758;;leeg.pdf;871446758;;leeg.pdf
671;871445759;;leeg.pdf;871446759;;leeg.pdf
672;871445760;;leeg.pdf;871446760;;leeg.pdf
673;871445761;;leeg.pdf;871446761;;leeg.pdf
674;871445762;;leeg.pdf;871446762;;leeg.pdf
675;871445763;;leeg.pdf;871446763;;leeg.pdf
676;871445764;;leeg.pdf;871446764;;leeg.pdf
677;871445765;;leeg.pdf;871446765;;leeg.pdf
678;871445766;;leeg.pdf;871446766;;leeg.pdf
679;871445767;;leeg.pdf;871446767;;leeg.pdf
680;871445768;;leeg.pdf;871446768;;leeg.pdf
681;871445769;;leeg.pdf;871446769;;leeg.pdf
682;871445770;;leeg.pdf;871446770;;leeg.pdf
683;871445771;;leeg.pdf;871446771;;leeg.pdf
684;871445772;;leeg.pdf;871446772;;leeg.pdf
685;871445773;;leeg.pdf;871446773;;leeg.pdf
686;871445774;;leeg.pdf;871446774;;leeg.pdf
687;871445775;;leeg.pdf;871446775;;leeg.pdf
688;871445776;;leeg.pdf;871446776;;leeg.pdf
689;871445777;;leeg.pdf;871446777;;leeg.pdf
690;871445778;;leeg.pdf;871446778;;leeg.pdf
691;871445779;;leeg.pdf;871446779;;leeg.pdf
692;871445780;;leeg.pdf;871446780;;leeg.pdf
693;871445781;;leeg.pdf;871446781;;leeg.pdf
694;871445782;;leeg.pdf;871446782;;leeg.pdf
695;871445783;;leeg.pdf;871446783;;leeg.pdf
696;871445784;;leeg.pdf;871446784;;leeg.pdf
697;871445785;;leeg.pdf;871446785;;leeg.pdf
698;871445786;;leeg.pdf;871446786;;leeg.pdf
699;871445787;;leeg.pdf;871446787;;leeg.pdf
700;871445788;;leeg.pdf;871446788;;leeg.pdf
701;871445789;;leeg.pdf;871446789;;leeg.pdf
702;871445790;;leeg.pdf;871446790;;leeg.pdf
703;871445791;;leeg.pdf;871446791;;leeg.pdf
704;871445792;;leeg.pdf;871446792;;leeg.pdf
705;871445793;;leeg.pdf;871446793;;leeg.pdf
706;871445794;;leeg.pdf;871446794;;leeg.pdf
707;871445795;;leeg.pdf;871446795;;leeg.pdf
708;871445796;;leeg.pdf;871446796;;leeg.pdf
709;871445797;;leeg.pdf;871446797;;leeg.pdf
710;871445798;;leeg.pdf;871446798;;leeg.pdf
711;871445799;;leeg.pdf;871446799;;leeg.pdf
712;871445800;;leeg.pdf;871446800;;leeg.pdf
713;871445801;;leeg.pdf;871446801;;leeg.pdf
714;871445802;;leeg.pdf;871446802;;leeg.pdf
715;871445803;;leeg.pdf;871446803;;leeg.pdf
716;871445804;;leeg.pdf;871446804;;leeg.pdf
717;871445805;;leeg.pdf;871446805;;leeg.pdf
718;871445806;;leeg.pdf;871446806;;leeg.pdf
719;871445807;;leeg.pdf;871446807;;leeg.pdf
720;871445808;;leeg.pdf;871446808;;leeg.pdf
721;871445809;;leeg.pdf;871446809;;leeg.pdf
722;871445810;;leeg.pdf;871446810;;leeg.pdf
723;871445811;;leeg.pdf;871446811;;leeg.pdf
724;871445812;;leeg.pdf;871446812;;leeg.pdf
725;871445813;;leeg.pdf;871446813;;leeg.pdf
726;871445814;;leeg.pdf;871446814;;leeg.pdf
727;871445815;;leeg.pdf;871446815;;leeg.pdf
728;871445816;;leeg.pdf;871446816;;leeg.pdf
729;871445817;;leeg.pdf;871446817;;leeg.pdf
730;871445818;;leeg.pdf;871446818;;leeg.pdf
731;871445819;;leeg.pdf;871446819;;leeg.pdf
732;871445820;;leeg.pdf;871446820;;leeg.pdf
733;871445821;;leeg.pdf;871446821;;leeg.pdf
734;871445822;;leeg.pdf;871446822;;leeg.pdf
735;871445823;;leeg.pdf;871446823;;leeg.pdf
736;871445824;;leeg.pdf;871446824;;leeg.pdf
737;871445825;;leeg.pdf;871446825;;leeg.pdf
738;871445826;;leeg.pdf;871446826;;leeg.pdf
739;871445827;;leeg.pdf;871446827;;leeg.pdf
740;871445828;;leeg.pdf;871446828;;leeg.pdf
741;871445829;;leeg.pdf;871446829;;leeg.pdf
742;871445830;;leeg.pdf;871446830;;leeg.pdf
743;871445831;;leeg.pdf;871446831;;leeg.pdf
744;871445832;;leeg.pdf;871446832;;leeg.pdf
745;871445833;;leeg.pdf;871446833;;leeg.pdf
746;871445834;;leeg.pdf;871446834;;leeg.pdf
747;871445835;;leeg.pdf;871446835;;leeg.pdf
748;871445836;;leeg.pdf;871446836;;leeg.pdf
749;871445837;;leeg.pdf;871446837;;leeg.pdf
750;871445838;;leeg.pdf;871446838;;leeg.pdf
751;871445839;;leeg.pdf;871446839;;leeg.pdf
752;871445840;;leeg.pdf;871446840;;leeg.pdf
753;871445841;;leeg.pdf;871446841;;leeg.pdf
754;871445842;;leeg.pdf;871446842;;leeg.pdf
755;871445843;;leeg.pdf;871446843;;leeg.pdf
756;871445844;;leeg.pdf;871446844;;leeg.pdf
757;871445845;;leeg.pdf;871446845;;leeg.pdf
758;871445846;;leeg.pdf;871446846;;leeg.pdf
759;871445847;;leeg.pdf;871446847;;leeg.pdf
760;871445848;;leeg.pdf;871446848;;leeg.pdf
761;871445849;;leeg.pdf;871446849;;leeg.pdf
762;871445850;;leeg.pdf;871446850;;leeg.pdf
763;871445851;;leeg.pdf;871446851;;leeg.pdf
764;871445852;;leeg.pdf;871446852;;leeg.pdf
765;871445853;;leeg.pdf;871446853;;leeg.pdf
766;871445854;;leeg.pdf;871446854;;leeg.pdf
767;871445855;;leeg.pdf;871446855;;leeg.pdf
768;871445856;;leeg.pdf;871446856;;leeg.pdf
769;871445857;;leeg.pdf;871446857;;leeg.pdf
770;871445858;;leeg.pdf;871446858;;leeg.pdf
771;871445859;;leeg.pdf;871446859;;leeg.pdf
772;871445860;;leeg.pdf;871446860;;leeg.pdf
773;871445861;;leeg.pdf;871446861;;leeg.pdf
774;871445862;;leeg.pdf;871446862;;leeg.pdf
775;871445863;;leeg.pdf;871446863;;leeg.pdf
776;871445864;;leeg.pdf;871446864;;leeg.pdf
777;871445865;;leeg.pdf;871446865;;leeg.pdf
778;871445866;;leeg.pdf;871446866;;leeg.pdf
779;871445867;;leeg.pdf;871446867;;leeg.pdf
780;871445868;;leeg.pdf;871446868;;leeg.pdf
781;871445869;;leeg.pdf;871446869;;leeg.pdf
782;871445870;;leeg.pdf;871446870;;leeg.pdf
783;871445871;;leeg.pdf;871446871;;leeg.pdf
784;871445872;;leeg.pdf;871446872;;leeg.pdf
785;871445873;;leeg.pdf;871446873;;leeg.pdf
786;871445874;;leeg.pdf;871446874;;leeg.pdf
787;871445875;;leeg.pdf;871446875;;leeg.pdf
788;871445876;;leeg.pdf;871446876;;leeg.pdf
789;871445877;;leeg.pdf;871446877;;leeg.pdf
790;871445878;;leeg.pdf;871446878;;leeg.pdf
791;871445879;;leeg.pdf;871446879;;leeg.pdf
792;871445880;;leeg.pdf;871446880;;leeg.pdf
793;871445881;;leeg.pdf;871446881;;leeg.pdf
794;871445882;;leeg.pdf;871446882;;leeg.pdf
795;871445883;;leeg.pdf;871446883;;leeg.pdf
796;871445884;;leeg.pdf;871446884;;leeg.pdf
797;871445885;;leeg.pdf;871446885;;leeg.pdf
798;871445886;;leeg.pdf;871446886;;leeg.pdf
799;871445887;;leeg.pdf;871446887;;leeg.pdf
800;871445888;;leeg.pdf;871446888;;leeg.pdf
801;871445889;;leeg.pdf;871446889;;leeg.pdf
802;871445890;;leeg.pdf;871446890;;leeg.pdf
803;871445891;;leeg.pdf;871446891;;leeg.pdf
804;871445892;;leeg.pdf;871446892;;leeg.pdf
805;871445893;;leeg.pdf;871446893;;leeg.pdf
806;871445894;;leeg.pdf;871446894;;leeg.pdf
807;871445895;;leeg.pdf;871446895;;leeg.pdf
808;871445896;;leeg.pdf;871446896;;leeg.pdf
809;871445897;;leeg.pdf;871446897;;leeg.pdf
810;871445898;;leeg.pdf;871446898;;leeg.pdf
811;871445899;;leeg.pdf;871446899;;leeg.pdf
812;871445900;;leeg.pdf;871446900;;leeg.pdf
813;871445901;;leeg.pdf;871446901;;leeg.pdf
814;871445902;;leeg.pdf;871446902;;leeg.pdf
815;871445903;;leeg.pdf;871446903;;leeg.pdf
816;871445904;;leeg.pdf;871446904;;leeg.pdf
817;871445905;;leeg.pdf;871446905;;leeg.pdf
818;871445906;;leeg.pdf;871446906;;leeg.pdf
819;871445907;;leeg.pdf;871446907;;leeg.pdf
820;871445908;;leeg.pdf;871446908;;leeg.pdf
821;871445909;;leeg.pdf;871446909;;leeg.pdf
822;871445910;;leeg.pdf;871446910;;leeg.pdf
823;871445911;;leeg.pdf;871446911;;leeg.pdf
824;871445912;;leeg.pdf;871446912;;leeg.pdf
825;871445913;;leeg.pdf;871446913;;leeg.pdf
826;871445914;;leeg.pdf;871446914;;leeg.pdf
827;871445915;;leeg.pdf;871446915;;leeg.pdf
828;871445916;;leeg.pdf;871446916;;leeg.pdf
829;871445917;;leeg.pdf;871446917;;leeg.pdf
830;871445918;;leeg.pdf;871446918;;leeg.pdf
831;871445919;;leeg.pdf;871446919;;leeg.pdf
832;871445920;;leeg.pdf;871446920;;leeg.pdf
833;871445921;;leeg.pdf;871446921;;leeg.pdf
834;871445922;;leeg.pdf;871446922;;leeg.pdf
835;871445923;;leeg.pdf;871446923;;leeg.pdf
836;871445924;;leeg.pdf;871446924;;leeg.pdf
837;871445925;;leeg.pdf;871446925;;leeg.pdf
838;871445926;;leeg.pdf;871446926;;leeg.pdf
839;871445927;;leeg.pdf;871446927;;leeg.pdf
840;871445928;;leeg.pdf;871446928;;leeg.pdf
841;871445929;;leeg.pdf;871446929;;leeg.pdf
842;871445930;;leeg.pdf;871446930;;leeg.pdf
843;871445931;;leeg.pdf;871446931;;leeg.pdf
844;871445932;;leeg.pdf;871446932;;leeg.pdf
845;871445933;;leeg.pdf;871446933;;leeg.pdf
846;871445934;;leeg.pdf;871446934;;leeg.pdf
847;871445935;;leeg.pdf;871446935;;leeg.pdf
848;871445936;;leeg.pdf;871446936;;leeg.pdf
849;871445937;;leeg.pdf;871446937;;leeg.pdf
850;871445938;;leeg.pdf;871446938;;leeg.pdf
851;871445939;;leeg.pdf;871446939;;leeg.pdf
852;871445940;;leeg.pdf;871446940;;leeg.pdf
853;871445941;;leeg.pdf;871446941;;leeg.pdf
854;871445942;;leeg.pdf;871446942;;leeg.pdf
855;871445943;;leeg.pdf;871446943;;leeg.pdf
856;871445944;;leeg.pdf;871446944;;leeg.pdf
857;871445945;;leeg.pdf;871446945;;leeg.pdf
858;871445946;;leeg.pdf;871446946;;leeg.pdf
859;871445947;;leeg.pdf;871446947;;leeg.pdf
860;871445948;;leeg.pdf;871446948;;leeg.pdf
861;871445949;;leeg.pdf;871446949;;leeg.pdf
862;871445950;;leeg.pdf;871446950;;leeg.pdf
863;871445951;;leeg.pdf;871446951;;leeg.pdf
864;871445952;;leeg.pdf;871446952;;leeg.pdf
865;871445953;;leeg.pdf;871446953;;leeg.pdf
866;871445954;;leeg.pdf;871446954;;leeg.pdf
867;871445955;;leeg.pdf;871446955;;leeg.pdf
868;871445956;;leeg.pdf;871446956;;leeg.pdf
869;871445957;;leeg.pdf;871446957;;leeg.pdf
870;871445958;;leeg.pdf;871446958;;leeg.pdf
871;871445959;;leeg.pdf;871446959;;leeg.pdf
872;871445960;;leeg.pdf;871446960;;leeg.pdf
873;871445961;;leeg.pdf;871446961;;leeg.pdf
874;871445962;;leeg.pdf;871446962;;leeg.pdf
875;871445963;;leeg.pdf;871446963;;leeg.pdf
876;871445964;;leeg.pdf;871446964;;leeg.pdf
877;871445965;;leeg.pdf;871446965;;leeg.pdf
878;871445966;;leeg.pdf;871446966;;leeg.pdf
879;871445967;;leeg.pdf;871446967;;leeg.pdf
880;871445968;;leeg.pdf;871446968;;leeg.pdf
881;871445969;;leeg.pdf;871446969;;leeg.pdf
882;871445970;;leeg.pdf;871446970;;leeg.pdf
883;871445971;;leeg.pdf;871446971;;leeg.pdf
884;871445972;;leeg.pdf;871446972;;leeg.pdf
885;871445973;;leeg.pdf;871446973;;leeg.pdf
886;871445974;;leeg.pdf;871446974;;leeg.pdf
887;871445975;;leeg.pdf;871446975;;leeg.pdf
888;871445976;;leeg.pdf;871446976;;leeg.pdf
889;871445977;;leeg.pdf;871446977;;leeg.pdf
890;871445978;;leeg.pdf;871446978;;leeg.pdf
891;871445979;;leeg.pdf;871446979;;leeg.pdf
892;871445980;;leeg.pdf;871446980;;leeg.pdf
893;871445981;;leeg.pdf;871446981;;leeg.pdf
894;871445982;;leeg.pdf;871446982;;leeg.pdf
895;871445983;;leeg.pdf;871446983;;leeg.pdf
896;871445984;;leeg.pdf;871446984;;leeg.pdf
897;871445985;;leeg.pdf;871446985;;leeg.pdf
898;871445986;;leeg.pdf;871446986;;leeg.pdf
899;871445987;;leeg.pdf;871446987;;leeg.pdf
900;871445988;;leeg.pdf;871446988;;leeg.pdf
901;871445989;;leeg.pdf;871446989;;leeg.pdf
902;871445990;;leeg.pdf;871446990;;leeg.pdf
903;871445991;;leeg.pdf;871446991;;leeg.pdf
904;871445992;;leeg.pdf;871446992;;leeg.pdf
905;871445993;;leeg.pdf;871446993;;leeg.pdf
906;871445994;;leeg.pdf;871446994;;leeg.pdf
907;871445995;;leeg.pdf;871446995;;leeg.pdf
908;871445996;;leeg.pdf;871446996;;leeg.pdf
909;871445997;;leeg.pdf;871446997;;leeg.pdf
910;871445998;;leeg.pdf;871446998;;leeg.pdf
911;871445999;;leeg.pdf;871446999;;leeg.pdf
912;871446000;;leeg.pdf;871447000;;leeg.pdf
913;871446001;;leeg.pdf;871447001;;leeg.pdf
914;871446002;;leeg.pdf;871447002;;leeg.pdf
915;871446003;;leeg.pdf;871447003;;leeg.pdf
916;871446004;;leeg.pdf;871447004;;leeg.pdf
917;871446005;;leeg.pdf;871447005;;leeg.pdf
918;871446006;;leeg.pdf;871447006;;leeg.pdf
919;871446007;;leeg.pdf;871447007;;leeg.pdf
920;871446008;;leeg.pdf;871447008;;leeg.pdf
921;871446009;;leeg.pdf;871447009;;leeg.pdf
922;871446010;;leeg.pdf;871447010;;leeg.pdf
923;871446011;;leeg.pdf;871447011;;leeg.pdf
924;871446012;;leeg.pdf;871447012;;leeg.pdf
925;871446013;;leeg.pdf;871447013;;leeg.pdf
926;871446014;;leeg.pdf;871447014;;leeg.pdf
927;871446015;;leeg.pdf;871447015;;leeg.pdf
928;871446016;;leeg.pdf;871447016;;leeg.pdf
929;871446017;;leeg.pdf;871447017;;leeg.pdf
930;871446018;;leeg.pdf;871447018;;leeg.pdf
931;871446019;;leeg.pdf;871447019;;leeg.pdf
932;871446020;;leeg.pdf;871447020;;leeg.pdf
933;871446021;;leeg.pdf;871447021;;leeg.pdf
934;871446022;;leeg.pdf;871447022;;leeg.pdf
935;871446023;;leeg.pdf;871447023;;leeg.pdf
936;871446024;;leeg.pdf;871447024;;leeg.pdf
937;871446025;;leeg.pdf;871447025;;leeg.pdf
938;871446026;;leeg.pdf;871447026;;leeg.pdf
939;871446027;;leeg.pdf;871447027;;leeg.pdf
940;871446028;;leeg.pdf;871447028;;leeg.pdf
941;871446029;;leeg.pdf;871447029;;leeg.pdf
942;871446030;;leeg.pdf;871447030;;leeg.pdf
943;871446031;;leeg.pdf;871447031;;leeg.pdf
944;871446032;;leeg.pdf;871447032;;leeg.pdf
945;871446033;;leeg.pdf;871447033;;leeg.pdf
946;871446034;;leeg.pdf;871447034;;leeg.pdf
947;871446035;;leeg.pdf;871447035;;leeg.pdf
948;871446036;;leeg.pdf;871447036;;leeg.pdf
949;871446037;;leeg.pdf;871447037;;leeg.pdf
950;871446038;;leeg.pdf;871447038;;leeg.pdf
951;871446039;;leeg.pdf;871447039;;leeg.pdf
952;871446040;;leeg.pdf;871447040;;leeg.pdf
953;871446041;;leeg.pdf;871447041;;leeg.pdf
954;871446042;;leeg.pdf;871447042;;leeg.pdf
955;871446043;;leeg.pdf;871447043;;leeg.pdf
956;871446044;;leeg.pdf;871447044;;leeg.pdf
957;871446045;;leeg.pdf;871447045;;leeg.pdf
958;871446046;;leeg.pdf;871447046;;leeg.pdf
959;871446047;;leeg.pdf;871447047;;leeg.pdf
960;871446048;;leeg.pdf;871447048;;leeg.pdf
961;871446049;;leeg.pdf;871447049;;leeg.pdf
962;871446050;;leeg.pdf;871447050;;leeg.pdf
963;871446051;;leeg.pdf;871447051;;leeg.pdf
964;871446052;;leeg.pdf;871447052;;leeg.pdf
965;871446053;;leeg.pdf;871447053;;leeg.pdf
966;871446054;;leeg.pdf;871447054;;leeg.pdf
967;871446055;;leeg.pdf;871447055;;leeg.pdf
968;871446056;;leeg.pdf;871447056;;leeg.pdf
969;871446057;;leeg.pdf;871447057;;leeg.pdf
970;871446058;;leeg.pdf;871447058;;leeg.pdf
971;871446059;;leeg.pdf;871447059;;leeg.pdf
972;871446060;;leeg.pdf;871447060;;leeg.pdf
973;871446061;;leeg.pdf;871447061;;leeg.pdf
974;871446062;;leeg.pdf;871447062;;leeg.pdf
975;871446063;;leeg.pdf;871447063;;leeg.pdf
976;871446064;;leeg.pdf;871447064;;leeg.pdf
977;871446065;;leeg.pdf;871447065;;leeg.pdf
978;871446066;;leeg.pdf;871447066;;leeg.pdf
979;871446067;;leeg.pdf;871447067;;leeg.pdf
980;871446068;;leeg.pdf;871447068;;leeg.pdf
981;871446069;;leeg.pdf;871447069;;leeg.pdf
982;871446070;;leeg.pdf;871447070;;leeg.pdf
983;871446071;;leeg.pdf;871447071;;leeg.pdf
984;871446072;;leeg.pdf;871447072;;leeg.pdf
985;871446073;;leeg.pdf;871447073;;leeg.pdf
986;871446074;;leeg.pdf;871447074;;leeg.pdf
987;871446075;;leeg.pdf;871447075;;leeg.pdf
988;871446076;;leeg.pdf;871447076;;leeg.pdf
989;871446077;;leeg.pdf;871447077;;leeg.pdf
990;871446078;;leeg.pdf;871447078;;leeg.pdf
991;871446079;;leeg.pdf;871447079;;leeg.pdf
992;871446080;;leeg.pdf;871447080;;leeg.pdf
993;871446081;;leeg.pdf;871447081;;leeg.pdf
994;871446082;;leeg.pdf;871447082;;leeg.pdf
995;871446083;;leeg.pdf;871447083;;leeg.pdf
996;871446084;;leeg.pdf;871447084;;leeg.pdf
997;871446085;;leeg.pdf;871447085;;leeg.pdf
998;871446086;;leeg.pdf;871447086;;leeg.pdf
999;871446087;;leeg.pdf;871447087;;leeg.pdf
1000;871446088;;leeg.pdf;871447088;;leeg.pdf
1001;871446089;;leeg.pdf;871447089;;leeg.pdf
1002;871446090;;leeg.pdf;871447090;;leeg.pdf
1003;871446091;;leeg.pdf;871447091;;leeg.pdf
1004;871446092;;leeg.pdf;871447092;;leeg.pdf
1005;871446093;;leeg.pdf;871447093;;leeg.pdf
1006;871446094;;leeg.pdf;871447094;;leeg.pdf
1007;871446095;;leeg.pdf;871447095;;leeg.pdf
1008;871446096;;leeg.pdf;871447096;;leeg.pdf
1009;871446097;;leeg.pdf;871447097;;leeg.pdf
1010;871446098;;leeg.pdf;871447098;;leeg.pdf
1011;871446099;;leeg.pdf;871447099;;leeg.pdf
1012;871446100;;leeg.pdf;871447100;;leeg.pdf
